name,uid,parent_id,root_id,time_zone,sis_id,workflow
Tagpad,Tagpad-9609,1,,Dhaka,,active
Eidel,Eidel-3961,1,,Arizona,,active
Muxo,Muxo-9354,1,,Stockholm,,active
Vinte,Vinte-4756,1,,Perth,,active
Wikibox,Wikibox-1044,1,,Yerevan,,active
Realfire,Realfire-2844,1,,Hanoi,,active
Roodel,Roodel-8785,1,,Amsterdam,,active
Pixoboo,Pixoboo-3351,1,,Kamchatka,,active
Kimia,Kimia-1266,1,,Muscat,,active
Buzzshare,Buzzshare-2304,1,,Riyadh,,active
Vitz,Vitz-6320,1,,Riyadh,,active
Jabbercube,Jabbercube-4474,1,,Arizona,,active
Quamba,Quamba-1481,1,,Rangoon,,active
Voomm,Voomm-2336,1,,Brasilia,,active
Realfire,Realfire-7596,1,,Sapporo,,active
Skiptube,Skiptube-6406,1,,Ljubljana,,active
Pixonyx,Pixonyx-3290,1,,UTC,,active
Jayo,Jayo-4211,1,,Madrid,,active
Thoughtblab,Thoughtblab-4238,1,,Perth,,active
Eazzy,Eazzy-7829,1,,Perth,,active
Wordify,Wordify-5903,1,,Mountain Time (US & Canada),,active
Twitterworks,Twitterworks-3628,1,,Jakarta,,active
Brainsphere,Brainsphere-8784,1,,Baghdad,,active
Plambee,Plambee-2124,1,,Indiana (East),,active
Photofeed,Photofeed-854,1,,Sri Jayawardenepura,,active
Avamm,Avamm-8259,1,,Pretoria,,active
Roodel,Roodel-7547,1,,Darwin,,active
Yotz,Yotz-7002,1,,Stockholm,,active
Wikizz,Wikizz-8509,1,,Tokyo,,active
Chatterpoint,Chatterpoint-5961,1,,Central Time (US & Canada),,active
Meezzy,Meezzy-434,1,,Casablanca,,active
Oyoloo,Oyoloo-5180,1,,Riga,,active
Divavu,Divavu-3590,1,,Auckland,,active
Mynte,Mynte-9783,1,,International Date Line West,,active
Jaxbean,Jaxbean-6373,1,,Perth,,active
Tagtune,Tagtune-1694,1,,Kuwait,,active
Riffwire,Riffwire-6407,1,,Urumqi,,active
Skibox,Skibox-6144,1,,Kolkata,,active
Flashpoint,Flashpoint-8803,1,,Darwin,,active
Edgeclub,Edgeclub-4601,1,,Wellington,,active
Realblab,Realblab-3704,1,,Cape Verde Is.,,active
Roodel,Roodel-8819,1,,Bogota,,active
Pixoboo,Pixoboo-6873,1,,Stockholm,,active
Gabspot,Gabspot-1682,1,,Astana,,active
Ozu,Ozu-2904,1,,Bogota,,active
Feedbug,Feedbug-1310,1,,Perth,,active
Quinu,Quinu-3219,1,,Lisbon,,active
Zoovu,Zoovu-9276,1,,Saskatchewan,,active
Fanoodle,Fanoodle-6542,1,,Dublin,,active
Ntags,Ntags-2350,1,,Pretoria,,active
Divape,Divape-9082,1,,Budapest,,active
Edgepulse,Edgepulse-5318,1,,Hanoi,,active
Quimm,Quimm-8036,1,,Sydney,,active
Katz,Katz-2713,1,,Vladivostok,,active
Kwilith,Kwilith-4219,1,,Helsinki,,active
Talane,Talane-3584,1,,Monrovia,,active
Blognation,Blognation-2386,1,,Beijing,,active
Meezzy,Meezzy-3846,1,,New Delhi,,active
Yoveo,Yoveo-7512,1,,Baku,,active
Wikido,Wikido-277,1,,Brisbane,,active
Oozz,Oozz-5586,1,,Tashkent,,active
Eare,Eare-7673,1,,St. Petersburg,,active
Aimbo,Aimbo-8876,1,,Chihuahua,,active
Linktype,Linktype-7966,1,,Warsaw,,active
Oozz,Oozz-2385,1,,Minsk,,active
Buzzshare,Buzzshare-7732,1,,Hobart,,active
Zoozzy,Zoozzy-7856,1,,Zagreb,,active
Thoughtstorm,Thoughtstorm-1886,1,,Tehran,,active
Livetube,Livetube-2537,1,,Wellington,,active
Tanoodle,Tanoodle-300,1,,Jerusalem,,active
Photolist,Photolist-8949,1,,Tbilisi,,active
Realbridge,Realbridge-2924,1,,Harare,,active
Yakidoo,Yakidoo-759,1,,Newfoundland,,active
Yamia,Yamia-1405,1,,Kabul,,active
Feedfish,Feedfish-2422,1,,Ljubljana,,active
Rhynyx,Rhynyx-9034,1,,Vienna,,active
Plajo,Plajo-6307,1,,International Date Line West,,active
Agimba,Agimba-1468,1,,Tijuana,,active
Latz,Latz-9990,1,,Baghdad,,active
Janyx,Janyx-8684,1,,Kolkata,,active
Babbleopia,Babbleopia-2704,1,,Mazatlan,,active
Thoughtworks,Thoughtworks-8648,1,,Prague,,active
Kaymbo,Kaymbo-6838,1,,Mexico City,,active
Devpulse,Devpulse-2956,1,,Greenland,,active
Ntag,Ntag-5330,1,,Athens,,active
Eire,Eire-5106,1,,Zagreb,,active
Meezzy,Meezzy-6808,1,,Mid-Atlantic,,active
Shufflebeat,Shufflebeat-2632,1,,Minsk,,active
Yambee,Yambee-1864,1,,New Delhi,,active
Gabvine,Gabvine-9413,1,,St. Petersburg,,active
Twimm,Twimm-1711,1,,Ekaterinburg,,active
Blognation,Blognation-1787,1,,Samoa,,active
Dynazzy,Dynazzy-8069,1,,London,,active
Miboo,Miboo-5510,1,,Monrovia,,active
Realbuzz,Realbuzz-183,1,,Bogota,,active
Linkbuzz,Linkbuzz-3323,1,,Jerusalem,,active
Mymm,Mymm-739,1,,Arizona,,active
Thoughtblab,Thoughtblab-6698,1,,Casablanca,,active
Flashset,Flashset-4717,1,,Tallinn,,active
Oyoloo,Oyoloo-8562,1,,Rangoon,,active
Realbridge,Realbridge-3831,1,,Pretoria,,active
Chatterpoint,Chatterpoint-5868,1,,Bucharest,,active
Brainverse,Brainverse-2851,1,,Newfoundland,,active
Linktype,Linktype-7126,1,,Caracas,,active
Feedspan,Feedspan-7310,1,,Stockholm,,active
Gabvine,Gabvine-117,1,,Volgograd,,active
Skippad,Skippad-7088,1,,Kathmandu,,active
Skaboo,Skaboo-6015,1,,International Date Line West,,active
Rhybox,Rhybox-7512,1,,Fiji,,active
Quimm,Quimm-9824,1,,Monrovia,,active
Gigabox,Gigabox-5186,1,,Moscow,,active
Teklist,Teklist-6041,1,,Abu Dhabi,,active
Skyba,Skyba-8109,1,,Marshall Is.,,active
Dabvine,Dabvine-9899,1,,Azores,,active
Babblestorm,Babblestorm-7192,1,,Copenhagen,,active
Avaveo,Avaveo-2808,1,,Georgetown,,active
Dabfeed,Dabfeed-7129,1,,Riyadh,,active
Innotype,Innotype-9655,1,,Riyadh,,active
Thoughtsphere,Thoughtsphere-6746,1,,Singapore,,active
Photolist,Photolist-2332,1,,Bogota,,active
Livetube,Livetube-5321,1,,Amsterdam,,active
Tekfly,Tekfly-6814,1,,Mexico City,,active
Devbug,Devbug-7773,1,,Buenos Aires,,active
Buzzster,Buzzster-5086,1,,Helsinki,,active
Viva,Viva-4048,1,,Cairo,,active
Meemm,Meemm-3763,1,,Mazatlan,,active
BlogXS,BlogXS-5760,1,,Monterrey,,active
Plambee,Plambee-3766,1,,Warsaw,,active
Demivee,Demivee-8323,1,,Bogota,,active
Chatterbridge,Chatterbridge-4827,1,,Quito,,active
Wordify,Wordify-430,1,,Chihuahua,,active
Tagchat,Tagchat-9398,1,,Atlantic Time (Canada),,active
Vimbo,Vimbo-6983,1,,Mazatlan,,active
Agimba,Agimba-2624,1,,Kolkata,,active
Feedspan,Feedspan-5615,1,,Tijuana,,active
Jabbertype,Jabbertype-9212,1,,Helsinki,,active
Topicblab,Topicblab-5966,1,,Hawaii,,active
Ailane,Ailane-5405,1,,Quito,,active
Browsetype,Browsetype-4964,1,,Novosibirsk,,active
Twitternation,Twitternation-7071,1,,Astana,,active
Tagchat,Tagchat-5647,1,,Tehran,,active
Fivechat,Fivechat-8499,1,,Jerusalem,,active
Kazu,Kazu-5741,1,,Baghdad,,active
Quinu,Quinu-4679,1,,Perth,,active
Midel,Midel-4383,1,,Samoa,,active
Twitterlist,Twitterlist-8719,1,,Berlin,,active
Fadeo,Fadeo-1390,1,,Newfoundland,,active
Quatz,Quatz-6760,1,,Bratislava,,active
Pixoboo,Pixoboo-2925,1,,La Paz,,active
Rhynoodle,Rhynoodle-5221,1,,Stockholm,,active
Brainbox,Brainbox-6205,1,,Kathmandu,,active
Livefish,Livefish-7345,1,,Lisbon,,active
Gabspot,Gabspot-6844,1,,Bangkok,,active
Topicblab,Topicblab-1990,1,,Helsinki,,active
Linkbuzz,Linkbuzz-7136,1,,Astana,,active
Oyonder,Oyonder-1781,1,,Vladivostok,,active
Jaxworks,Jaxworks-5028,1,,Tbilisi,,active
Abata,Abata-2909,1,,Casablanca,,active
Quamba,Quamba-5815,1,,Yakutsk,,active
Teklist,Teklist-9588,1,,Pretoria,,active
Jaxnation,Jaxnation-6133,1,,Prague,,active
Livetube,Livetube-3572,1,,Mazatlan,,active
Demivee,Demivee-3948,1,,Auckland,,active
Realbridge,Realbridge-8408,1,,Madrid,,active
Twimbo,Twimbo-5365,1,,Kuala Lumpur,,active
Divavu,Divavu-4191,1,,Adelaide,,active
Thoughtbridge,Thoughtbridge-9314,1,,Midway Island,,active
Browsedrive,Browsedrive-9341,1,,Yakutsk,,active
Zoombox,Zoombox-9346,1,,Bogota,,active
Dynabox,Dynabox-1525,1,,Chihuahua,,active
Shuffledrive,Shuffledrive-3989,1,,Irkutsk,,active
Trudeo,Trudeo-8365,1,,La Paz,,active
Oyondu,Oyondu-4091,1,,Bangkok,,active
Blognation,Blognation-9609,1,,Sydney,,active
Yamia,Yamia-8581,1,,Budapest,,active
Jayo,Jayo-9865,1,,Guadalajara,,active
Camimbo,Camimbo-6791,1,,Kuwait,,active
Nlounge,Nlounge-413,1,,Kabul,,active
Yambee,Yambee-1634,1,,Tashkent,,active
Jabbersphere,Jabbersphere-9874,1,,Jerusalem,,active
Jaxworks,Jaxworks-3437,1,,London,,active
Divanoodle,Divanoodle-2429,1,,Bratislava,,active
Photospace,Photospace-7343,1,,New Caledonia,,active
Skipstorm,Skipstorm-7622,1,,Indiana (East),,active
Eayo,Eayo-1330,1,,Pretoria,,active
Blogpad,Blogpad-451,1,,Auckland,,active
Voonte,Voonte-2415,1,,La Paz,,active
Quinu,Quinu-4283,1,,Prague,,active
Cogidoo,Cogidoo-5568,1,,Helsinki,,active
Jaxspan,Jaxspan-4235,1,,Skopje,,active
Tagopia,Tagopia-6822,1,,Madrid,,active
Blogpad,Blogpad-2938,1,,Brussels,,active
Realcube,Realcube-977,1,,Tallinn,,active
Youfeed,Youfeed-8375,1,,Islamabad,,active
Eidel,Eidel-930,1,,Bangkok,,active
Quinu,Quinu-2057,1,,Bogota,,active
Edgeclub,Edgeclub-1079,1,,Indiana (East),,active
Quimba,Quimba-2550,1,,Berlin,,active
Skajo,Skajo-1154,1,,Mumbai,,active
Linktype,Linktype-5662,1,,Skopje,,active
