name,uid,sis_id,description
"DANC 4920 Short Courses, Workshops, Institutes and Special Programs",DANC 4920,441459,lorem ipsum dolor sit amet consectetuer adipiscing elit proin risus praesent lectus vestibulum quam sapien varius ut blandit non interdum in ante vestibulum ante ipsum primis
ACTG 4802 Individual Study,ACTG 4802,208244,lorem ipsum dolor sit amet consectetuer adipiscing elit proin risus praesent lectus vestibulum quam sapien varius ut blandit non
WGS 4860 Internship in Women's Studies,WGS 4860,963290,lorem ipsum dolor
"MUSC 1043 Music, the Arts & Civilizations",MUSC 1043,249399,lorem ipsum dolor sit amet consectetuer adipiscing elit proin risus praesent lectus vestibulum quam sapien varius ut blandit non interdum in ante vestibulum ante ipsum primis
EET 3040 Instrumentation and Measurements,EET 3040,176186,lorem ipsum dolor sit
ZOOL 4990 Seminar,ZOOL 4990,370900,lorem ipsum dolor sit amet consectetuer adipiscing elit
ART 2450 Foundations of Photography: Color/Digital,ART 2450,722725,lorem ipsum dolor sit amet consectetuer adipiscing elit proin risus praesent lectus vestibulum quam sapien varius ut
"MFET 2150L Metal Forming, Casting & Welding Lab",MFET 2150L,524907,lorem ipsum
MKTG 4400 Marketing Strategy,MKTG 4400,960011,lorem ipsum dolor sit amet consectetuer adipiscing elit proin risus praesent lectus vestibulum quam sapien varius ut blandit non interdum
EET 1850 Industrial Electronics,EET 1850,456108,lorem ipsum
"PE 1402 Self Defense, Level III",PE 1402,366574,lorem ipsum dolor sit amet consectetuer adipiscing elit proin risus praesent lectus vestibulum quam sapien varius ut blandit non interdum in
COMM 4750 Advanced Cinematography and Editing,COMM 4750,223993,lorem ipsum dolor sit amet consectetuer adipiscing elit proin risus praesent lectus
ECON 4560 Mathematical Economics,ECON 4560,806221,lorem ipsum dolor sit amet consectetuer adipiscing elit proin risus praesent lectus vestibulum quam sapien varius ut blandit non interdum in ante vestibulum ante ipsum primis in
CHF 2990A Seminar in Child Development,CHF 2990A,529482,lorem ipsum dolor sit amet consectetuer adipiscing elit proin risus praesent lectus vestibulum quam
DENT 3301 Community Dental Health Service Learning Lab,DENT 3301,713756,lorem ipsum dolor sit amet consectetuer adipiscing elit proin risus praesent lectus vestibulum quam sapien varius ut blandit non interdum in ante
DENT 3337 Dental Hygiene III,DENT 3337,619563,lorem ipsum dolor sit amet consectetuer adipiscing elit proin risus praesent lectus vestibulum quam sapien varius ut blandit
PAR 1000 Emergency Medical Technician,PAR 1000,767022,lorem ipsum dolor sit amet consectetuer adipiscing elit proin risus praesent lectus vestibulum quam sapien varius ut blandit non interdum in ante vestibulum ante
RADT 1661 Laboratory Experience,RADT 1661,865717,lorem ipsum dolor sit amet consectetuer adipiscing elit proin risus praesent lectus vestibulum quam sapien varius ut blandit
REST 2830 Directed Readings,REST 2830,610323,lorem ipsum dolor sit amet consectetuer adipiscing elit proin risus praesent lectus vestibulum quam sapien varius ut blandit non interdum in ante
DET 4830 Directed Readings,DET 4830,527774,lorem ipsum dolor sit amet consectetuer adipiscing elit proin risus praesent lectus vestibulum quam sapien varius ut blandit non interdum in ante vestibulum ante ipsum primis in
LIBS 2504 Information Resources in History,LIBS 2504,43657,lorem ipsum dolor sit amet consectetuer adipiscing elit proin risus praesent
CS 2420 Introduction to Data Structures and Algorithms,CS 2420,835753,lorem ipsum dolor sit amet consectetuer adipiscing elit proin risus praesent lectus vestibulum quam sapien varius ut blandit non interdum in ante vestibulum ante ipsum
"HLTH 4920 Short Courses, Workshops, Institutes and Special Programs",HLTH 4920,327310,lorem ipsum
MED 6280 Family and Community Involvement in Education,MED 6280,635667,lorem ipsum dolor sit amet consectetuer adipiscing elit proin risus
GEOG 3360 Economic Geography,GEOG 3360,396244,lorem ipsum dolor sit amet consectetuer adipiscing elit proin risus praesent lectus vestibulum quam sapien varius ut blandit non interdum in ante vestibulum ante ipsum primis in faucibus orci luctus et
MUSC 3512 Trombone Master Class,MUSC 3512,54572,lorem ipsum dolor sit amet consectetuer adipiscing elit proin risus praesent
BDC 4350 BIM Management & Coordination,BDC 4350,916184,lorem ipsum dolor sit amet consectetuer adipiscing elit proin risus praesent lectus vestibulum quam sapien varius ut blandit non interdum in ante vestibulum ante ipsum primis
SW 4800 Projects and Research,SW 4800,752188,lorem ipsum dolor sit amet consectetuer
MUSC 1143 Music Theory and Piano for Musical Theatre,MUSC 1143,94405,lorem ipsum dolor sit amet consectetuer adipiscing elit proin risus praesent lectus vestibulum quam sapien varius ut blandit non interdum in ante vestibulum ante ipsum primis in faucibus orci luctus
EDUC 4686 Special Education Student Teaching Seminar & Synthesis for Special Education Majors,EDUC 4686,729815,lorem ipsum dolor
EET 1140 DC Circuits,EET 1140,650617,lorem ipsum dolor sit amet consectetuer adipiscing elit
THEA 4900 Senior Project,THEA 4900,1011304,lorem ipsum dolor sit amet consectetuer adipiscing
WEB 2630 Client Side Frameworks,WEB 2630,291201,lorem ipsum dolor sit amet consectetuer adipiscing elit proin risus praesent lectus vestibulum quam sapien varius ut blandit non interdum in ante vestibulum ante ipsum
ECE 5220 Image Processing,ECE 5220,18643,lorem ipsum dolor sit amet consectetuer adipiscing elit proin risus praesent lectus vestibulum quam sapien varius ut blandit non interdum in ante vestibulum ante ipsum primis in faucibus orci
GEO 4890 Cooperative Work Experience,GEO 4890,178792,lorem ipsum dolor sit amet consectetuer adipiscing elit proin risus praesent lectus vestibulum quam sapien
ENGL 4530 American Literature: Realism and Naturalism,ENGL 4530,240758,lorem ipsum dolor sit amet consectetuer adipiscing elit proin risus praesent lectus vestibulum quam sapien varius ut
MSE 4615 Lab: Senior Project Design I,MSE 4615,331068,lorem ipsum dolor sit amet
ART 3515 Art Methods and Resources for Secondary Teachers I [Art Methods I],ART 3515,912666,lorem ipsum dolor sit amet consectetuer
ENGL 3730 Literatures of Cultures and Places,ENGL 3730,151890,lorem ipsum dolor sit amet consectetuer adipiscing elit proin risus
CHEM 3610 Foundations in Inorganic Chemistry,CHEM 3610,749365,lorem ipsum dolor sit amet consectetuer adipiscing elit proin risus praesent lectus
ESL 150 Pronunciation Level III,ESL 150,215948,lorem ipsum dolor sit amet consectetuer adipiscing elit proin risus praesent lectus vestibulum quam sapien varius ut blandit non interdum in ante vestibulum
WEB 2620 Advanced CSS,WEB 2620,861247,lorem ipsum dolor sit amet consectetuer adipiscing elit proin risus praesent lectus vestibulum quam sapien varius ut blandit non interdum in ante vestibulum ante ipsum primis in faucibus orci
MICR 5034G Microbiology for Teachers,MICR 5034G,765030,lorem ipsum dolor sit amet consectetuer adipiscing elit proin risus praesent lectus vestibulum quam sapien varius ut
EDUC 4270 Literacy Strategies for Teaching English Language Learners,EDUC 4270,188930,lorem ipsum dolor sit amet consectetuer adipiscing elit proin risus praesent lectus vestibulum quam sapien varius ut blandit non interdum in ante vestibulum ante ipsum primis in faucibus
MKTG 3500 Services and Sports Marketing,MKTG 3500,983587,lorem ipsum dolor sit amet consectetuer adipiscing elit proin risus praesent lectus vestibulum quam sapien varius ut blandit non interdum in ante vestibulum ante ipsum primis
HTHS 3328 Pathophysiology of Cells and Tissues,HTHS 3328,242742,lorem ipsum dolor sit amet consectetuer adipiscing elit proin risus praesent lectus vestibulum quam sapien varius ut blandit non interdum in ante vestibulum ante ipsum primis in faucibus orci
SW 4861 Social Service Field Experience II,SW 4861,767264,lorem ipsum dolor sit amet consectetuer adipiscing
PE 1098 Fitness for Life,PE 1098,970112,lorem ipsum dolor sit amet consectetuer adipiscing elit proin risus praesent lectus vestibulum quam sapien varius ut blandit non interdum in ante vestibulum ante ipsum primis in faucibus orci luctus et
"PE 1212 Volleyball, Level III",PE 1212,900571,lorem ipsum dolor sit amet consectetuer adipiscing elit proin risus praesent lectus vestibulum quam sapien varius
DMS 4220 Cardiac Sonography II,DMS 4220,536481,lorem ipsum dolor sit amet consectetuer adipiscing elit proin risus praesent lectus vestibulum quam sapien varius ut
HLTH 2220 Prenatal and Infant Nutrition,HLTH 2220,478902,lorem ipsum dolor sit amet consectetuer adipiscing elit proin risus praesent lectus vestibulum quam sapien varius ut blandit non interdum in ante
PEP 3262 Methods of Teaching Individual Sports,PEP 3262,541557,lorem ipsum dolor sit amet
HIST 4060 Twentieth,HIST 4060,979060,lorem ipsum dolor sit amet consectetuer adipiscing elit proin risus praesent lectus vestibulum quam sapien varius ut blandit non
CJ 4995 Criminal Justice Senior Capstone,CJ 4995,78364,lorem ipsum dolor sit amet consectetuer adipiscing elit proin risus praesent lectus vestibulum
MFET 4090 Welding Power Sources,MFET 4090,324076,lorem ipsum dolor
ATTC 3620 Automotive Business Practices,ATTC 3620,692157,lorem ipsum dolor sit amet consectetuer adipiscing elit proin risus praesent lectus vestibulum quam sapien varius ut blandit non interdum in ante
ANTH 3100 Prehistory of North America,ANTH 3100,874340,lorem ipsum dolor sit amet consectetuer adipiscing elit proin risus
ZOOL 3099 Teaching the Human Anatomy Laboratory,ZOOL 3099,710144,lorem ipsum dolor sit amet consectetuer adipiscing elit proin risus praesent lectus vestibulum quam sapien varius ut blandit non interdum in ante vestibulum ante ipsum primis in faucibus orci luctus
MENG 6740 Creative Nonfiction Writing,MENG 6740,675716,lorem ipsum dolor sit amet consectetuer adipiscing elit proin risus praesent lectus vestibulum quam sapien varius ut blandit non interdum in ante vestibulum ante ipsum primis in
RADT 4413 Forensic Radiology,RADT 4413,268481,lorem ipsum dolor sit amet consectetuer adipiscing elit proin risus praesent lectus vestibulum quam sapien varius ut blandit non interdum in ante vestibulum ante
ENGL 3280 Biographical Writing,ENGL 3280,31062,lorem ipsum dolor sit amet consectetuer adipiscing elit proin risus praesent lectus vestibulum quam sapien varius ut blandit non interdum in ante vestibulum ante ipsum primis in faucibus orci luctus et
COMM 3085 Family Communication,COMM 3085,636913,lorem ipsum dolor
MENG 6210 Teaching Literature in the Secondary Schools,MENG 6210,20484,lorem ipsum dolor sit amet consectetuer adipiscing elit proin
MSRS 6443 Clinical Pathways,MSRS 6443,571998,lorem ipsum dolor sit amet consectetuer adipiscing elit proin risus praesent lectus vestibulum quam sapien varius ut blandit non interdum
POLS 4190 Theories of International Politics,POLS 4190,675591,lorem ipsum dolor sit amet consectetuer adipiscing elit proin risus praesent lectus vestibulum quam sapien varius ut blandit non interdum in ante vestibulum ante ipsum primis in faucibus orci
MSN 6802 Integrating Scholarship into Practice,MSN 6802,421785,lorem ipsum dolor sit
ENGL 4530 American Literature: Realism and Naturalism,ENGL 4530,38041,lorem ipsum dolor sit amet consectetuer adipiscing elit proin risus praesent lectus vestibulum quam sapien
NET 2300 Introduction to LAN Management,NET 2300,795422,lorem ipsum dolor sit amet consectetuer adipiscing elit proin risus praesent
MSRT 6420 Sleep Disorders Specialty (SDS),MSRT 6420,113147,lorem ipsum dolor sit amet consectetuer adipiscing elit proin risus praesent lectus vestibulum quam sapien varius ut blandit non interdum in ante vestibulum ante ipsum primis in faucibus orci luctus et
MKTG 4860 Marketing Internship,MKTG 4860,457125,lorem ipsum dolor sit amet consectetuer adipiscing elit proin risus praesent lectus vestibulum quam sapien varius ut
MPC 6500 Topics in Professional Communication,MPC 6500,807504,lorem ipsum dolor sit amet consectetuer adipiscing elit proin risus praesent lectus
MACC 6992 Lecture Seminar,MACC 6992,942864,lorem ipsum dolor sit amet consectetuer adipiscing elit proin risus praesent lectus vestibulum quam sapien
RADT 4633 Magnetic Resonance Imaging of the Central Nervous System,RADT 4633,506718,lorem ipsum dolor sit amet consectetuer adipiscing
MBA 6800 Directed Study,MBA 6800,611296,lorem ipsum dolor sit amet consectetuer adipiscing elit proin risus praesent lectus vestibulum quam sapien varius ut blandit non interdum in ante vestibulum ante ipsum primis in faucibus orci luctus
ESL 2320 Reading Level V,ESL 2320,611117,lorem ipsum dolor sit amet consectetuer adipiscing elit proin risus praesent lectus vestibulum quam sapien varius ut blandit non interdum in ante vestibulum
DENT 2216 Clinical Dental Hygiene II,DENT 2216,586140,lorem ipsum dolor sit amet consectetuer adipiscing elit proin risus praesent lectus
ENGL 4720 Chaucer,ENGL 4720,946736,lorem ipsum dolor sit amet consectetuer adipiscing elit proin risus praesent lectus vestibulum quam sapien varius ut blandit non interdum in ante vestibulum ante ipsum primis in faucibus orci
MSAT 6095 Research Methods IV,MSAT 6095,615519,lorem ipsum dolor sit amet consectetuer adipiscing elit proin risus praesent lectus vestibulum quam sapien varius ut blandit non interdum in ante
AT 1501 Clinical Application of Athletic Training I,AT 1501,701916,lorem ipsum dolor sit amet consectetuer adipiscing elit proin risus praesent lectus vestibulum quam sapien varius
GEOG 3081 History of Geographic Thought,GEOG 3081,714452,lorem ipsum dolor sit amet consectetuer adipiscing elit proin risus praesent lectus vestibulum quam sapien varius ut blandit non interdum in ante vestibulum ante ipsum primis
DMS 4340 Obstetric Sonography,DMS 4340,414253,lorem ipsum dolor sit amet consectetuer adipiscing elit proin risus praesent lectus
PHYS 2229 Physics for Scientists and Engineers II Lab,PHYS 2229,123898,lorem ipsum dolor sit amet consectetuer adipiscing elit
NET 3710 Switching and Transmission Network Systems Management,NET 3710,578102,lorem ipsum dolor sit amet consectetuer adipiscing elit
PHIL 4810 Experimental,PHIL 4810,85719,lorem ipsum dolor sit amet consectetuer adipiscing elit proin risus praesent lectus vestibulum quam
ENGL 4750 Classical Literature,ENGL 4750,798766,lorem ipsum dolor sit amet consectetuer adipiscing elit proin risus praesent lectus vestibulum quam sapien varius
HIM 3300 Introduction to Quality Improvement in Health Care,HIM 3300,235342,lorem ipsum dolor sit amet consectetuer
MTHE 5230G Mathematics Computer Laboratory,MTHE 5230G,306866,lorem ipsum dolor sit
AERO 2111 General Military Leadership Lab IV,AERO 2111,960570,lorem ipsum dolor sit amet consectetuer adipiscing elit proin risus praesent
MUSC 3632 Applied Woodwinds: Clarinet,MUSC 3632,74263,lorem ipsum dolor sit amet consectetuer adipiscing elit proin risus praesent lectus vestibulum quam sapien varius
MUSC 4991 Senior Recital,MUSC 4991,39695,lorem ipsum dolor
MATH 4400 Statistical Analysis of Big and Small Data,MATH 4400,280388,lorem ipsum dolor sit amet consectetuer adipiscing elit
DENT 4780 Baccalaureate Thesis,DENT 4780,558222,lorem ipsum dolor sit amet consectetuer adipiscing elit proin risus praesent lectus vestibulum quam sapien varius ut blandit non interdum in ante vestibulum ante ipsum primis in faucibus orci
ZOOL 3730 Population Biology,ZOOL 3730,167296,lorem ipsum dolor sit amet consectetuer adipiscing elit proin risus praesent lectus vestibulum quam sapien varius ut blandit non interdum in
MTHE 6640 Differential Equations II,MTHE 6640,878650,lorem ipsum dolor sit amet consectetuer adipiscing elit proin risus praesent lectus vestibulum quam sapien varius ut blandit non interdum in ante vestibulum ante ipsum primis in faucibus orci luctus
ENTR 2001 Sales and Marketing: Scaling a Successful Business Model,ENTR 2001,99977,lorem ipsum
ENGL 4760 Irish Literature,ENGL 4760,818800,lorem ipsum dolor sit amet consectetuer adipiscing elit proin risus praesent lectus vestibulum quam sapien varius ut
MUSC 1654 Applied Strings: Guitar,MUSC 1654,690151,lorem ipsum dolor sit amet consectetuer adipiscing elit
HNRS 2010 Exploring Key Concepts in the Disciplines: Humanities,HNRS 2010,666849,lorem ipsum dolor sit amet consectetuer adipiscing elit proin risus
ECE 6020 Thesis,ECE 6020,223712,lorem ipsum dolor sit amet consectetuer adipiscing elit proin risus praesent lectus vestibulum quam sapien
COMM 4840 Teaching Journalism and Advising Student Media in the Secondary School,COMM 4840,743275,lorem ipsum dolor sit amet consectetuer adipiscing elit proin risus praesent lectus vestibulum quam sapien varius ut blandit non
ECE 5410 Communication Circuits and Systems,ECE 5410,825185,lorem ipsum dolor sit amet
ENGL 3754 Topics and Ideas in Writing and Interdisciplinary Studies,ENGL 3754,278172,lorem ipsum dolor sit amet consectetuer adipiscing elit proin risus
MFET 1890 Cooperative Work Experience,MFET 1890,88501,lorem ipsum dolor sit amet consectetuer adipiscing elit proin risus praesent lectus vestibulum quam sapien varius ut blandit non interdum in ante vestibulum ante ipsum primis
ART 3460 Illustration,ART 3460,668508,lorem ipsum dolor sit amet consectetuer adipiscing elit proin risus praesent lectus vestibulum quam sapien varius ut blandit non interdum in
REST 4620 Health Promotion,REST 4620,43221,lorem ipsum dolor sit amet
MUSC 1321 Basic Piano for Adults,MUSC 1321,724377,lorem ipsum dolor sit amet consectetuer adipiscing elit proin risus praesent lectus vestibulum quam sapien varius ut blandit non interdum in ante vestibulum ante
MSAT 6301 Orthopedic Assessment of Musculoskeletal Injuries: Upper Extremities,MSAT 6301,357190,lorem ipsum dolor sit amet consectetuer adipiscing elit proin risus praesent lectus vestibulum quam sapien varius ut blandit non interdum in ante vestibulum ante ipsum primis in faucibus orci luctus et
SOC 3300 Environment and Society,SOC 3300,19742,lorem ipsum dolor sit amet consectetuer adipiscing elit proin risus praesent lectus vestibulum quam sapien varius ut blandit non interdum in ante vestibulum ante ipsum primis in faucibus orci luctus et
MENG 5610G British Literature: Medieval,MENG 5610G,151732,lorem ipsum dolor sit amet
MUSC 1540 Flute Master Class,MUSC 1540,408521,lorem ipsum dolor sit amet consectetuer adipiscing elit proin risus praesent lectus vestibulum quam sapien varius
DENT 4405 Dental Hygiene Clinical Teaching Practice,DENT 4405,702159,lorem ipsum dolor sit amet consectetuer adipiscing elit proin risus praesent lectus vestibulum quam sapien varius ut blandit non interdum in
MPC 6450 Advanced Organizational Communication,MPC 6450,240837,lorem ipsum dolor sit amet consectetuer adipiscing elit proin risus praesent lectus vestibulum quam sapien varius ut blandit non interdum in ante vestibulum ante ipsum primis
MUSC 3760 Weber State Symphony Orchestra,MUSC 3760,696293,lorem ipsum dolor sit amet consectetuer adipiscing elit proin risus praesent lectus vestibulum quam sapien varius ut blandit non interdum in ante vestibulum ante
MTHE 6660 Modern Algebra I,MTHE 6660,1003276,lorem ipsum dolor sit amet consectetuer adipiscing elit proin risus praesent lectus vestibulum quam sapien varius ut blandit non interdum in ante vestibulum
MFET 4350 Principles of Lean Manufacturing,MFET 4350,221474,lorem ipsum dolor sit amet consectetuer adipiscing elit proin risus praesent lectus vestibulum quam sapien varius ut blandit non interdum in ante vestibulum ante ipsum primis in faucibus
"PE 1151 Billiards, Level II",PE 1151,856030,lorem ipsum dolor sit amet consectetuer adipiscing elit proin risus praesent lectus vestibulum quam sapien varius ut blandit non interdum in ante vestibulum
DET 3100 Tool Design,DET 3100,132413,lorem ipsum dolor sit amet consectetuer adipiscing elit proin risus praesent lectus vestibulum quam sapien varius ut blandit non interdum in ante vestibulum ante ipsum
EET 4800 Individual Studies,EET 4800,59298,lorem ipsum dolor sit amet consectetuer adipiscing elit proin risus praesent lectus vestibulum quam sapien varius ut blandit non interdum in ante vestibulum ante ipsum primis
MACC 6992 Lecture Seminar,MACC 6992,639885,lorem ipsum dolor sit amet consectetuer adipiscing elit proin risus praesent lectus vestibulum quam sapien varius ut blandit non interdum in ante vestibulum ante ipsum primis in
NUTR 1120 Nutrition for the Athlete,NUTR 1120,655776,lorem ipsum dolor sit amet consectetuer
CS 6500 Artificial Intelligence and Neural Networks,CS 6500,238395,lorem ipsum dolor sit amet consectetuer adipiscing elit proin risus praesent lectus vestibulum quam sapien varius ut
MBA 6510 Investment Analysis and Portfolio Management,MBA 6510,407833,lorem ipsum dolor sit amet consectetuer adipiscing elit proin risus praesent lectus vestibulum quam sapien varius ut blandit non interdum in ante vestibulum ante ipsum primis in
MUSC 1610 Applied Keyboard: Piano,MUSC 1610,170438,lorem ipsum dolor sit amet consectetuer adipiscing elit proin risus praesent lectus vestibulum quam sapien varius ut blandit non interdum in ante
MIS 3210 Database Design and Implementation,MIS 3210,961782,lorem ipsum dolor sit amet consectetuer adipiscing elit proin risus praesent lectus vestibulum quam sapien varius ut blandit non interdum
SCM 4500 Supply Chain Relational Strategies,SCM 4500,405689,lorem ipsum dolor sit amet consectetuer adipiscing elit proin risus praesent lectus vestibulum quam sapien
MUSC 3824 Music for Elementary Teachers,MUSC 3824,732725,lorem ipsum dolor sit amet consectetuer adipiscing elit proin risus praesent lectus vestibulum quam sapien varius ut blandit non interdum in ante vestibulum ante ipsum
ART 3700 Sculpture II,ART 3700,652618,lorem ipsum dolor sit amet consectetuer adipiscing elit proin risus praesent
SW 4500 Interventions for Populations at Risk,SW 4500,430911,lorem ipsum dolor sit amet consectetuer adipiscing elit proin risus praesent lectus vestibulum quam sapien varius ut blandit non interdum in ante
THEA 3323 History and Literature of Contemporary Theatre,THEA 3323,793453,lorem ipsum dolor sit amet consectetuer adipiscing elit proin risus praesent lectus vestibulum quam sapien varius ut blandit non interdum in ante vestibulum ante ipsum primis
WSU 1670 Perspectives in Social Science and Physical Science,WSU 1670,986942,lorem ipsum
ZOOL 4570 Secondary School Science Teaching Methods,ZOOL 4570,305345,lorem ipsum dolor sit amet consectetuer adipiscing elit proin risus praesent lectus vestibulum quam sapien varius ut blandit non interdum in ante vestibulum ante ipsum
MTAX 6450 Real Estate Taxation,MTAX 6450,338299,lorem ipsum dolor sit amet consectetuer adipiscing elit proin risus praesent lectus vestibulum quam sapien varius ut blandit non interdum in ante vestibulum ante ipsum primis in
MSAT 6400 Basic Therapeutic Modalities for Musculoskeletal Injuries,MSAT 6400,90683,lorem ipsum dolor sit amet consectetuer adipiscing elit
"ECON 4920 Short Courses, Workshops, Institutes, and Special Programs",ECON 4920,307899,lorem ipsum dolor sit amet consectetuer adipiscing elit proin risus praesent lectus vestibulum quam sapien varius ut blandit non interdum
SOC 3420 Sociology of Education,SOC 3420,184486,lorem ipsum dolor sit amet consectetuer adipiscing elit
HAS 4410 Clinical Instructional Design and Evaluation,HAS 4410,290625,lorem ipsum dolor sit amet consectetuer adipiscing elit proin risus praesent lectus vestibulum quam sapien varius ut blandit non interdum in ante vestibulum ante ipsum primis
ESL 2460 Reading Enrichment,ESL 2460,779267,lorem ipsum dolor sit amet consectetuer adipiscing elit proin risus praesent lectus vestibulum quam sapien varius ut blandit
MCJ 6230 Contemporary Corrections,MCJ 6230,733375,lorem ipsum dolor sit amet consectetuer adipiscing elit proin risus praesent lectus vestibulum quam sapien varius ut blandit non interdum in ante vestibulum ante ipsum primis in faucibus orci
"ANTH 2920 Short Courses, Workshops, Institutes, and Special Programs",ANTH 2920,992506,lorem ipsum dolor sit amet consectetuer adipiscing elit proin risus praesent
CMT 1330 Civil Materials,CMT 1330,356582,lorem ipsum dolor sit amet consectetuer adipiscing elit proin
PE 1225 Softball,PE 1225,109455,lorem ipsum dolor sit amet
EDUC 2010 Human Exceptionality,EDUC 2010,931169,lorem ipsum dolor sit amet consectetuer adipiscing elit proin risus praesent lectus
AUSV 1124 Automotive Engines 2,AUSV 1124,217439,lorem ipsum dolor sit amet consectetuer adipiscing elit proin risus praesent lectus vestibulum quam sapien varius ut blandit non interdum in ante vestibulum ante ipsum primis in faucibus orci
MLS 4411 MLS Simulated Laboratory I,MLS 4411,559706,lorem ipsum dolor sit amet consectetuer adipiscing elit proin risus praesent lectus vestibulum quam sapien varius ut blandit non interdum in ante vestibulum ante
FL 4960 Senior Project,FL 4960,287615,lorem ipsum dolor sit
MSNP 6220 Physical Assessment & Diagnostic Reasoning,MSNP 6220,216265,lorem ipsum dolor sit amet consectetuer adipiscing elit proin risus praesent lectus vestibulum quam sapien varius ut blandit non interdum in ante vestibulum
ECON 2010 Principles of Microeconomics,ECON 2010,771129,lorem ipsum dolor sit amet consectetuer adipiscing elit proin
ECON 2010 Principles of Microeconomics,ECON 2010,110766,lorem ipsum dolor sit amet consectetuer adipiscing elit proin risus praesent lectus vestibulum quam sapien varius ut blandit non interdum in ante vestibulum ante
DENT 4850 Study Abroad,DENT 4850,682940,lorem ipsum dolor sit amet consectetuer adipiscing elit proin risus praesent lectus vestibulum quam sapien varius ut blandit non interdum in ante vestibulum
MATH 2270 Elementary Linear Algebra,MATH 2270,116469,lorem ipsum dolor sit amet
ESL 2410 Writing Level VI,ESL 2410,512974,lorem ipsum dolor sit amet consectetuer adipiscing elit proin risus praesent lectus vestibulum quam sapien varius ut blandit non interdum in ante vestibulum
MGMT 4320 Staffing Organizations,MGMT 4320,86594,lorem ipsum dolor sit amet consectetuer adipiscing elit proin risus praesent lectus vestibulum quam sapien varius ut blandit non interdum
CMT 3660 Energy Management,CMT 3660,22306,lorem ipsum dolor sit amet consectetuer adipiscing elit proin risus praesent lectus vestibulum quam sapien varius
"REC 1529 Rock Climbing, Level III",REC 1529,624515,lorem ipsum dolor sit amet consectetuer adipiscing elit proin risus praesent lectus vestibulum quam sapien varius ut blandit
AERO 2010 Airpower History I,AERO 2010,564386,lorem ipsum dolor sit
ECE 2260 Fundamentals of Electrical Circuits,ECE 2260,394051,lorem ipsum dolor sit amet consectetuer adipiscing elit proin risus praesent lectus vestibulum quam sapien varius ut blandit non interdum in ante vestibulum ante ipsum
HLTH 3160 Principles of Health Behavior,HLTH 3160,705843,lorem ipsum dolor sit amet consectetuer adipiscing elit proin risus praesent lectus vestibulum
AUSV 1062 Toyota Steering and Suspension Systems,AUSV 1062,115657,lorem ipsum dolor sit amet consectetuer adipiscing elit proin risus praesent lectus vestibulum quam sapien varius ut blandit non
HIST 6710 Reading Seminar in American History,HIST 6710,539948,lorem ipsum dolor sit amet consectetuer adipiscing elit proin risus praesent lectus vestibulum quam sapien varius ut blandit non interdum in ante vestibulum ante ipsum primis in faucibus
ESS 4890 Cooperative Work Experience,ESS 4890,501063,lorem ipsum dolor sit amet consectetuer adipiscing elit proin risus praesent lectus
GEOG 4800 Individual Research,GEOG 4800,728713,lorem ipsum dolor sit amet consectetuer adipiscing elit proin risus praesent lectus vestibulum quam sapien varius ut blandit non interdum in ante vestibulum ante ipsum primis
MATH 970 Pathway to Contemporary Mathematics,MATH 970,990596,lorem ipsum dolor sit
GERT 3120 Aging: Adaptation and Behavior,GERT 3120,114959,lorem ipsum dolor sit amet consectetuer adipiscing elit proin risus praesent lectus vestibulum quam sapien varius
ART 3350 Small Metals/Jewelry II,ART 3350,112558,lorem ipsum dolor sit amet consectetuer adipiscing elit proin risus praesent lectus vestibulum quam sapien varius ut blandit non interdum
CHEM 2990 Chemical Technician Seminar,CHEM 2990,253263,lorem ipsum dolor sit amet consectetuer adipiscing elit proin risus praesent lectus vestibulum quam sapien varius ut blandit non interdum in ante vestibulum ante ipsum primis in faucibus orci
SW 3920 Social Work Practice II,SW 3920,855939,lorem ipsum dolor sit amet consectetuer adipiscing elit proin risus praesent lectus vestibulum quam sapien varius ut blandit non interdum in ante
THEA 4002 Special Studies in Theatre,THEA 4002,940145,lorem ipsum dolor sit amet consectetuer
ENGL 4713 Eminent Authors in Cultural and Media Studies,ENGL 4713,657405,lorem ipsum dolor sit amet consectetuer adipiscing elit proin risus praesent lectus vestibulum quam sapien varius ut blandit non interdum in ante vestibulum ante ipsum primis
MED 6030 Advanced Educational Psychology,MED 6030,407480,lorem ipsum dolor
PSY 3500 Cognition,PSY 3500,246937,lorem ipsum dolor sit amet consectetuer adipiscing elit proin risus praesent lectus vestibulum quam sapien varius ut blandit non interdum in ante vestibulum ante
MIS 2891 Cooperative Work Experience,MIS 2891,205397,lorem ipsum dolor sit amet consectetuer adipiscing elit proin risus praesent
EDUC 3116 Media Integration in Elementary Education Settings 1,EDUC 3116,176358,lorem ipsum dolor sit amet consectetuer adipiscing elit proin risus praesent lectus vestibulum quam
PHYS 2830 Introductory Readings in Physics/Astronomy,PHYS 2830,1003728,lorem ipsum dolor sit amet consectetuer adipiscing elit proin risus praesent lectus vestibulum quam sapien varius ut blandit non interdum in ante
MUSC 3741 Chamber Choir,MUSC 3741,732503,lorem ipsum dolor sit amet consectetuer adipiscing elit proin risus praesent lectus vestibulum quam sapien varius ut blandit non interdum
NRSG 3200 Complex Patient Centered Nursing Care 1,NRSG 3200,271485,lorem ipsum dolor sit amet consectetuer adipiscing elit proin risus praesent lectus vestibulum quam sapien varius ut blandit non interdum in ante vestibulum ante
THEA 3303 History and Literature of Theatre I,THEA 3303,854355,lorem ipsum dolor sit amet consectetuer adipiscing elit proin
"HNRS 2920 Short Courses, Workshops, Institutes and Special Programs",HNRS 2920,66447,lorem ipsum dolor sit amet consectetuer adipiscing elit proin risus praesent lectus vestibulum quam sapien varius ut blandit non interdum in ante vestibulum ante ipsum primis in faucibus orci luctus et
THEA 3500 Sound Design,THEA 3500,441323,lorem ipsum dolor sit amet consectetuer adipiscing elit proin risus
MPC 6450 Advanced Organizational Communication,MPC 6450,700892,lorem ipsum dolor sit amet consectetuer adipiscing elit proin risus
MTAX 6485 Retirement Plans & Exempt Organizations,MTAX 6485,717759,lorem ipsum dolor sit amet consectetuer
PHYS 5030G Physics for Teachers,PHYS 5030G,703292,lorem ipsum dolor sit amet consectetuer adipiscing elit proin risus praesent lectus vestibulum quam sapien varius ut blandit
MED 6312 Content Instruction in the Elementary School: Mathematics,MED 6312,507543,lorem ipsum dolor sit amet consectetuer adipiscing elit proin risus praesent lectus vestibulum quam sapien
OCRE 2500 Introduction to Outdoor Pursuits,OCRE 2500,410697,lorem ipsum dolor sit amet consectetuer adipiscing elit proin risus praesent lectus vestibulum quam sapien varius ut blandit non interdum in ante vestibulum ante ipsum primis in faucibus orci luctus et
MFET 3560 Advanced Quality Engineering,MFET 3560,109995,lorem ipsum dolor sit amet consectetuer adipiscing elit proin risus praesent lectus vestibulum quam sapien varius ut blandit non interdum in ante vestibulum ante
ZOOL 4500 Parasitology,ZOOL 4500,871684,lorem ipsum dolor sit amet consectetuer adipiscing elit proin risus praesent lectus vestibulum quam sapien varius ut blandit non interdum in ante vestibulum ante ipsum primis in faucibus orci luctus
"SW 3900 Social Work Methods, Values, and Ethics",SW 3900,453898,lorem ipsum dolor sit amet consectetuer adipiscing elit proin risus praesent lectus vestibulum quam sapien varius ut blandit non interdum in ante vestibulum ante ipsum primis in faucibus orci luctus
RADT 4915 Comprehensive Review/QM,RADT 4915,363052,lorem ipsum
CMT 4520 ASC Student Competition,CMT 4520,730647,lorem ipsum dolor sit amet consectetuer adipiscing elit proin risus praesent lectus vestibulum quam sapien varius ut blandit non interdum in ante
SW 4860 Social Service Field Experience I,SW 4860,52987,lorem ipsum dolor sit amet consectetuer adipiscing elit proin risus praesent lectus vestibulum quam sapien varius ut blandit non interdum in ante vestibulum ante ipsum
MSNP 6251 Advanced Practice Primary Care Clinical IV,MSNP 6251,998213,lorem ipsum dolor sit amet consectetuer adipiscing elit proin risus praesent lectus vestibulum quam sapien varius ut blandit non interdum in ante vestibulum ante ipsum primis in
AERO 4010 National Security Affairs I,AERO 4010,748263,lorem ipsum dolor sit amet consectetuer adipiscing elit proin risus praesent lectus vestibulum
BTNY 4850 Thesis Research,BTNY 4850,421217,lorem ipsum dolor sit amet consectetuer adipiscing elit proin risus praesent lectus vestibulum quam sapien varius ut blandit non interdum in ante vestibulum ante
NRSG 4830 Directed Theoretical Readings,NRSG 4830,982570,lorem ipsum dolor sit
CHEM 1125 Elementary Organic Bio,CHEM 1125,351484,lorem ipsum dolor sit amet consectetuer adipiscing elit proin risus praesent lectus vestibulum quam sapien
MUSC 2660 Applied Percussion,MUSC 2660,777437,lorem ipsum dolor sit amet consectetuer adipiscing elit proin risus praesent lectus vestibulum quam sapien varius ut blandit non
MKTG 4850 Marketing Study Abroad,MKTG 4850,90573,lorem ipsum dolor sit amet consectetuer adipiscing elit proin risus praesent lectus vestibulum quam
NUTR 1240 Nutrition and Sustainable Cooking,NUTR 1240,148219,lorem ipsum dolor sit amet consectetuer adipiscing elit
ENGL 4710 Eminent Authors,ENGL 4710,864242,lorem ipsum dolor sit amet consectetuer adipiscing elit proin risus praesent lectus vestibulum quam sapien varius ut blandit non interdum in ante
BTNY 4970 Botany Thesis,BTNY 4970,446541,lorem ipsum
ENTR 3002 Starting the Business,ENTR 3002,606330,lorem ipsum dolor sit
